<?xml version="1.0" encoding="UTF-8"?>
<project-private xmlns="http://www.netbeans.org/ns/project-private/1">
    <editor-bookmarks xmlns="http://www.netbeans.org/ns/editor-bookmarks/2" lastBookmarkId="0"/>
    <open-files xmlns="http://www.netbeans.org/ns/projectui-open-files/2">
        <group>
            <file>file:/C:/Users/Praktikan/Documents/G/UAP-PBO-main/UAP%20PBO/src/uap/pbo/BarangModel.java</file>
            <file>file:/C:/Users/Praktikan/Documents/G/UAP-PBO-main/UAP%20PBO/src/uap/pbo/Produk.java</file>
            <file>file:/C:/Users/Praktikan/Documents/G/UAP-PBO-main/UAP%20PBO/src/uap/pbo/Kategori.java</file>
            <file>file:/C:/Users/Praktikan/Documents/G/UAP-PBO-main/UAP%20PBO/src/uap/pbo/Penjualan.java</file>
            <file>file:/C:/Users/Praktikan/Documents/G/UAP-PBO-main/UAP%20PBO/src/uap/pbo/Barang_1.java</file>
            <file>file:/C:/Users/Praktikan/Documents/G/UAP-PBO-main/UAP%20PBO/src/PBO_KEREN/DBHelper.java</file>
            <file>file:/C:/Users/Praktikan/Documents/G/UAP-PBO-main/UAP%20PBO/src/uap/pbo/Makanan.java</file>
            <file>file:/C:/Users/Praktikan/Documents/G/UAP-PBO-main/UAP%20PBO/src/uap/pbo/UAP_PBO.java</file>
            <file>file:/C:/Users/Praktikan/Documents/G/UAP-PBO-main/UAP%20PBO/src/uap/pbo/ProductCounter.java</file>
        </group>
    </open-files>
</project-private>
